y,x,b,oy,ox
51.989157,4.334158,44.754192,51.989207,4.333833
