y,x,b,oy,ox
52.007766,4.357215,177.802749,52.007683,4.357197
