y,x,b,oy,ox
52.007427,4.357504,337.803163,52.007453,4.357565
