y,x,b,oy,ox
52.007766,4.357215,34.391063,52.007794,4.357101
