y,x,b,oy,ox
52.007383,4.357674,182.051260,52.007315,4.357689
