y,x,b,oy,ox
51.988535,4.333640,114.835690,51.988517,4.333382
